{
  "target": 0.8,
  "delta": {
    "24": 19.030227661132812,
    "48": 26.9681396484375,
    "72": 30.839111328125
  }
}